{"schemaVersion":"1.0","appDefinitionTemplate":{"id":"/providers/Microsoft.PowerApps/apps/","type":"Microsoft.PowerApps/apps","tags":{"minimumRequiredApiVersion":"2.2.0","primaryDeviceWidth":"640","primaryDeviceHeight":"1136","sienaVersion":"20200601T085552Z-3.20053.22.0","deviceCapabilities":"","supportsPortrait":"true","supportsLandscape":"false","primaryFormFactor":"Phone","publisherVersion":"3.20053.22","hasComponent":"false","hasUnlockedComponent":"false","isUnifiedRootApp":"false"},"properties":{"appVersion":"2020-06-01T08:55:52Z","lifeCycleId":"Published","createdByClientVersion":{"major":3,"minor":20053,"build":22,"revision":0,"majorRevision":0,"minorRevision":0},"minClientVersion":{"major":3,"minor":20053,"build":22,"revision":0,"majorRevision":0,"minorRevision":0},"backgroundColor":"rgba(0, 176, 240, 1)","backgroundImageUri":"/11121509381381299544/Nf63f45fc-4529-44f1-b31b-677b96e75a75-logoSmallFile","displayName":"e-Claim System","description":"","commitMessage":"","appUris":{"documentUri":{"value":"/11121509381381299544/Neb74c3b6-5d31-432d-8c98-62110f7379df-document.msapp","readonlyValue":"/11121509381381299544/Neb74c3b6-5d31-432d-8c98-62110f7379df-document.msapp"},"imageUris":[]},"createdTime":"0001-01-01T00:00:00Z","lastModifiedTime":"0001-01-01T00:00:00Z","sharedGroupsCount":0,"sharedUsersCount":0,"icons":{"smallIconUri":"/11121509381381299544/Na825ec84-334f-4151-8197-a21284164653-small.png","mediumIconUri":"/11121509381381299544/N6feb6956-c261-4b26-859c-f01f16a8b7e6-medium.png","largeIconUri":"/11121509381381299544/N1a2ac0be-555f-4371-9e0c-b8fd4d649408-large.png","wideIconUri":"/11121509381381299544/Nef2d8fe3-91cf-4fac-b093-f7dc7b8e240c-wide.png"},"connectionReferences":{"139760e5-952f-438a-baab-30a333d2f081":{"id":"a0e90518-82d0-4ade-8262-1912819e4fa8","displayName":"SharePoint","iconUri":"https://connectoricons-prod.azureedge.net/sharepointonline/icon_1.0.1350.2003.png","dataSources":["eClaimExpenses","eClaimMaster","MasterListCategories","MainCategories","MileageList","Projects Masterlist","DeletedClaim"],"dependencies":[],"dependents":[],"parameterHints":{},"isOnPremiseConnection":false,"bypassConsent":false,"dataSets":{"https://srkk.sharepoint.com/sites/Apps/eClaim":{"dataSources":{"eClaimExpenses":{"tableName":"421351bd-73f6-4b5f-8bc9-987d46edec45"},"eClaimMaster":{"tableName":"9a064a80-ab1e-4114-9631-ab48a3b4e680"},"MasterListCategories":{"tableName":"d72d7ba2-4352-4657-812a-701d420624e2"},"MainCategories":{"tableName":"3f5edd7c-66b6-4301-8462-2ad4ff1a4506"},"MileageList":{"tableName":"44fab6ee-ac12-4d3e-9272-609be2042c46"},"DeletedClaim":{"tableName":"b2e924e7-89d9-4ad4-a2ff-cb3e6a53706f"}}},"https://srkk.sharepoint.com/sites/Apps/TimeSheet":{"dataSources":{"Projects Masterlist":{"tableName":"a9c4a5b0-8acd-4b02-810e-1be74e45494f"}}}},"apiTier":"Standard","isCustomApiConnection":false},"9dc03f22-1563-4db6-97fc-d68f1fde9518":{"id":"f2cb533b-e5b6-4f50-a69a-45a791b1f1dd","displayName":"Logic flows","iconUri":"https://resourcestackdeploy.blob.core.windows.net/scripts/13276078.png","dataSources":["eClaimMaster(Submission)"],"dependencies":["36b41897-db27-47db-928d-361b11cbf0b6"],"dependents":[],"parameterHints":{"workflowName":{"value":"28d0fa06-6134-487e-b683-86eec4660492"},"36b41897-db27-47db-928d-361b11cbf0b6":{"value":"shared_office365"}},"isOnPremiseConnection":false,"bypassConsent":false,"dataSets":{},"apiTier":"Standard","isCustomApiConnection":false},"36b41897-db27-47db-928d-361b11cbf0b6":{"id":"b61d5e27-76cf-4413-a033-41e59e373151","displayName":"Office 365 Outlook","iconUri":"https://connectoricons-prod.azureedge.net/office365/icon_1.0.1354.2019.png","dataSources":[],"dependencies":[],"dependents":["9dc03f22-1563-4db6-97fc-d68f1fde9518"],"parameterHints":{},"isOnPremiseConnection":false,"bypassConsent":false,"dataSets":{},"apiTier":"Standard","isCustomApiConnection":false},"acc8d489-f59b-4065-9c7f-70e2dde665c2":{"id":"dc2c0974-308e-4edc-9e46-4cf24b9d40e6","displayName":"Office 365 Users","iconUri":"https://connectoricons-prod.azureedge.net/office365users/icon_1.0.1335.1964.png","dataSources":["Office365Users"],"dependencies":[],"dependents":[],"parameterHints":{},"isOnPremiseConnection":false,"bypassConsent":false,"dataSets":{},"apiTier":"Standard","isCustomApiConnection":false}},"databaseReferences":{},"almMode":"Environment","performanceOptimizationEnabled":false,"canConsumeAppPass":true},"isAppComponentLibrary":false,"appType":"ClassicCanvasApp","appComponents":[]}}