{"name":"53957acb-3ba9-4c30-8d0d-c3e22882bc4a","id":"/providers/Microsoft.Flow/flows/53957acb-3ba9-4c30-8d0d-c3e22882bc4a","type":"Microsoft.Flow/flows","properties":{"apiId":"/providers/Microsoft.PowerApps/apis/shared_logicflows","displayName":"eClaim Master (Item is Created)","definition":{"metadata":{"workflowEntityId":null,"creator":{"id":"21b481ca-c674-48bd-b18e-229bba922338","type":"User","tenantId":"ac58a972-b23a-4cf7-a09e-ac384ce8a7ed"},"provisioningMethod":"FromDefinition","failureAlertSubscription":true,"clientLastModifiedTime":"2020-05-21T08:34:45.5672377Z"},"$schema":"https://schema.management.azure.com/providers/Microsoft.Logic/schemas/2016-06-01/workflowdefinition.json#","contentVersion":"1.0.0.0","parameters":{"$connections":{"defaultValue":{},"type":"Object"},"$authentication":{"defaultValue":{},"type":"SecureObject"}},"triggers":{"When_eClaim_Master__is_created":{"recurrence":{"frequency":"Minute","interval":3},"splitOn":"@triggerBody()?['value']","metadata":{"flowSystemMetadata":{"swaggerOperationId":"GetOnNewItems"}},"type":"ApiConnection","inputs":{"host":{"connection":{"name":"@parameters('$connections')['shared_sharepointonline_1']['connectionId']"},"api":{"runtimeUrl":"https://asia-001.azure-apim.net/apim/sharepointonline"}},"method":"get","path":"/datasets/@{encodeURIComponent(encodeURIComponent('https://srkk.sharepoint.com/sites/Apps/eClaim'))}/tables/@{encodeURIComponent(encodeURIComponent('9a064a80-ab1e-4114-9631-ab48a3b4e680'))}/onnewitems","authentication":"@parameters('$authentication')"}}},"actions":{"Send_an_email_(V2)":{"runAfter":{},"metadata":{"flowSystemMetadata":{"swaggerOperationId":"SendEmailV2"}},"type":"ApiConnection","inputs":{"host":{"connection":{"name":"@parameters('$connections')['shared_office365_1']['connectionId']"},"api":{"runtimeUrl":"https://asia-001.azure-apim.net/apim/office365"}},"method":"post","body":{"To":"@triggerBody()?['Author']?['Email']","Subject":"Claim Masterfile (@{triggerBody()?['Month']?['Value']} @{triggerBody()?['Year']}) has been successfully created.","Body":"<p>Dear @{triggerBody()?['Author']?['DisplayName']},<br>\n<br>\nYour @{triggerBody()?['Month']?['Value']}, @{triggerBody()?['Year']} claim masterfile is ready. You may start to submit your expense details.<br>\n<br>\n<a href=\"https://apps.powerapps.com/play/3b5f8aa9-6f5f-4721-a359-c27660f43b9a?tenantId=a2343e24-99a6-4781-8549-9b4d4816bdd4&amp;source=portal&amp;screenColor=rgba(0%2C%20176%2C%20240%2C%201)\"><span style=\"font-size: 30px\">eClaim System</span></a><span style=\"font-size: 30px\">&nbsp;</span></p>"},"path":"/v2/Mail","authentication":"@parameters('$authentication')"}}}},"connectionReferences":{"shared_office365_1":{"connectionName":"shared-office365-09bb73a8-5ca3-4b21-87da-31d1fb8baa99","source":"Embedded","id":"/providers/Microsoft.PowerApps/apis/shared_office365","tier":"NotSpecified"},"shared_sharepointonline_1":{"connectionName":"34bd2964be244e48b9ccffa882b94db6","source":"Embedded","id":"/providers/Microsoft.PowerApps/apis/shared_sharepointonline","tier":"NotSpecified"}},"flowFailureAlertSubscribed":false}}