{"name":"f991b25d-cc68-4510-a29d-e2e550935036","id":"/providers/Microsoft.Flow/flows/f991b25d-cc68-4510-a29d-e2e550935036","type":"Microsoft.Flow/flows","properties":{"apiId":"/providers/Microsoft.PowerApps/apis/shared_logicflows","displayName":"eClaim Expense (Item Created)","definition":{"metadata":{"workflowEntityId":null,"creator":{"id":"21b481ca-c674-48bd-b18e-229bba922338","type":"User","tenantId":"ac58a972-b23a-4cf7-a09e-ac384ce8a7ed"},"provisioningMethod":"FromDefinition","failureAlertSubscription":true,"clientLastModifiedTime":"2020-05-21T08:31:23.2897546Z"},"$schema":"https://schema.management.azure.com/providers/Microsoft.Logic/schemas/2016-06-01/workflowdefinition.json#","contentVersion":"1.0.0.0","parameters":{"$connections":{"defaultValue":{},"type":"Object"},"$authentication":{"defaultValue":{},"type":"SecureObject"}},"triggers":{"When_Claim_Expense_is_created":{"recurrence":{"frequency":"Minute","interval":3},"splitOn":"@triggerBody()?['value']","metadata":{"flowSystemMetadata":{"swaggerOperationId":"GetOnNewItems"}},"type":"ApiConnection","inputs":{"host":{"connection":{"name":"@parameters('$connections')['shared_sharepointonline_1']['connectionId']"},"api":{"runtimeUrl":"https://asia-001.azure-apim.net/apim/sharepointonline"}},"method":"get","path":"/datasets/@{encodeURIComponent(encodeURIComponent('https://srkk.sharepoint.com/sites/Apps/eClaim'))}/tables/@{encodeURIComponent(encodeURIComponent('421351bd-73f6-4b5f-8bc9-987d46edec45'))}/onnewitems","authentication":"@parameters('$authentication')"}}},"actions":{"Get_Claim_Expense_Attachments":{"runAfter":{},"metadata":{"flowSystemMetadata":{"swaggerOperationId":"GetItemAttachments"}},"type":"ApiConnection","inputs":{"host":{"connection":{"name":"@parameters('$connections')['shared_sharepointonline_1']['connectionId']"},"api":{"runtimeUrl":"https://asia-001.azure-apim.net/apim/sharepointonline"}},"method":"get","path":"/datasets/@{encodeURIComponent(encodeURIComponent('https://srkk.sharepoint.com/sites/Apps/eClaim'))}/tables/@{encodeURIComponent(encodeURIComponent('421351bd-73f6-4b5f-8bc9-987d46edec45'))}/items/@{encodeURIComponent(encodeURIComponent(triggerBody()?['ID']))}/attachments","authentication":"@parameters('$authentication')"}},"Apply_to_each":{"foreach":"@body('Get_Claim_Expense_Attachments')","actions":{"Get_Claim_Expense_Attachment_content":{"runAfter":{},"metadata":{"flowSystemMetadata":{"swaggerOperationId":"GetAttachmentContent"}},"type":"ApiConnection","inputs":{"host":{"connection":{"name":"@parameters('$connections')['shared_sharepointonline_1']['connectionId']"},"api":{"runtimeUrl":"https://asia-001.azure-apim.net/apim/sharepointonline"}},"method":"get","path":"/datasets/@{encodeURIComponent(encodeURIComponent('https://srkk.sharepoint.com/sites/Apps/eClaim'))}/tables/@{encodeURIComponent(encodeURIComponent('421351bd-73f6-4b5f-8bc9-987d46edec45'))}/items/@{encodeURIComponent(encodeURIComponent(triggerBody()?['ID']))}/attachments/@{encodeURIComponent(items('Apply_to_each')?['Id'])}/$value","authentication":"@parameters('$authentication')"}},"Save_Attachment_to_Claim_Receipts_Library":{"runAfter":{"Get_Claim_Expense_Attachment_content":["Succeeded"]},"metadata":{"flowSystemMetadata":{"swaggerOperationId":"CreateFile"}},"type":"ApiConnection","inputs":{"host":{"connection":{"name":"@parameters('$connections')['shared_sharepointonline_1']['connectionId']"},"api":{"runtimeUrl":"https://asia-001.azure-apim.net/apim/sharepointonline"}},"method":"post","body":"@body('Get_Claim_Expense_Attachment_content')","path":"/datasets/@{encodeURIComponent(encodeURIComponent('https://srkk.sharepoint.com/sites/Apps/eClaim'))}/files","queries":{"folderPath":"/ClaimReceipts","name":"@items('Apply_to_each')?['DisplayName']","queryParametersSingleEncoded":true},"authentication":"@parameters('$authentication')"}},"Update_Saved_Attachment_properties":{"runAfter":{"Save_Attachment_to_Claim_Receipts_Library":["Succeeded"]},"metadata":{"flowSystemMetadata":{"swaggerOperationId":"PatchFileItem"}},"type":"ApiConnection","inputs":{"host":{"connection":{"name":"@parameters('$connections')['shared_sharepointonline_2']['connectionId']"},"api":{"runtimeUrl":"https://asia-001.azure-apim.net/apim/sharepointonline"}},"method":"patch","body":{"ClaimID":"@{triggerBody()?['ID']}","MasterClaim_ID":"@triggerBody()?['ClaimID']"},"path":"/datasets/@{encodeURIComponent(encodeURIComponent('https://srkk.sharepoint.com/sites/Apps/eClaim'))}/tables/@{encodeURIComponent(encodeURIComponent('54d2e1a8-be60-4578-9bfa-b346bde66dad'))}/items/@{encodeURIComponent(body('Save_Attachment_to_Claim_Receipts_Library')?['ItemId'])}/patchfileitem","authentication":"@parameters('$authentication')"}}},"runAfter":{"Get_Claim_Expense_Attachments":["Succeeded"]},"type":"Foreach"}}},"connectionReferences":{"shared_sharepointonline_1":{"connectionName":"34bd2964be244e48b9ccffa882b94db6","source":"Embedded","id":"/providers/Microsoft.PowerApps/apis/shared_sharepointonline","tier":"NotSpecified"},"shared_sharepointonline_2":{"connectionName":"37e1f63216e646f898c81b76a90a7e78","source":"Embedded","id":"/providers/Microsoft.PowerApps/apis/shared_sharepointonline","tier":"NotSpecified"}},"flowFailureAlertSubscribed":false}}