{"name":"9ede65cf-7fbc-49f7-8a9d-c22642c05f67","id":"/providers/Microsoft.Flow/flows/9ede65cf-7fbc-49f7-8a9d-c22642c05f67","type":"Microsoft.Flow/flows","properties":{"apiId":"/providers/Microsoft.PowerApps/apis/shared_logicflows","displayName":"Delete Claim by HR","definition":{"metadata":{"workflowEntityId":null,"creator":{"id":"21b481ca-c674-48bd-b18e-229bba922338","type":"User","tenantId":"ac58a972-b23a-4cf7-a09e-ac384ce8a7ed"},"provisioningMethod":"FromDefinition","failureAlertSubscription":true,"clientLastModifiedTime":"2020-05-21T08:44:08.7180196Z"},"$schema":"https://schema.management.azure.com/providers/Microsoft.Logic/schemas/2016-06-01/workflowdefinition.json#","contentVersion":"1.0.0.0","parameters":{"$connections":{"defaultValue":{},"type":"Object"},"$authentication":{"defaultValue":{},"type":"SecureObject"}},"triggers":{"When_an_item_is_created_or_modified":{"recurrence":{"frequency":"Minute","interval":3},"splitOn":"@triggerBody()?['value']","metadata":{"flowSystemMetadata":{"swaggerOperationId":"GetOnUpdatedItems"}},"type":"ApiConnection","inputs":{"host":{"connection":{"name":"@parameters('$connections')['shared_sharepointonline_1']['connectionId']"},"api":{"runtimeUrl":"https://asia-001.azure-apim.net/apim/sharepointonline"}},"method":"get","path":"/datasets/@{encodeURIComponent(encodeURIComponent('https://srkk.sharepoint.com/sites/Apps/eClaim'))}/tables/@{encodeURIComponent(encodeURIComponent('421351bd-73f6-4b5f-8bc9-987d46edec45'))}/onupdateditems","authentication":"@parameters('$authentication')"}}},"actions":{"Condition":{"actions":{"Condition_2":{"actions":{"Update_item":{"runAfter":{},"metadata":{"flowSystemMetadata":{"swaggerOperationId":"PatchItem"}},"type":"ApiConnection","inputs":{"host":{"connection":{"name":"@parameters('$connections')['shared_sharepointonline_1']['connectionId']"},"api":{"runtimeUrl":"https://asia-001.azure-apim.net/apim/sharepointonline"}},"method":"patch","body":{"Date":"@triggerBody()?['Date']","Title":"@triggerBody()?['Title']","ClaimID":"@triggerBody()?['ClaimID']","MainCategory":"@triggerBody()?['MainCategory']","Amount":"@triggerBody()?['Amount']","Remark":"@triggerBody()?['Remark']","From":"@triggerBody()?['From']","To":"@triggerBody()?['To']","KM":"@triggerBody()?['KM']","PerKM":"@triggerBody()?['PerKM']","Project":"@triggerBody()?['Project']","CheckedByManager":{"Value":"Yes"},"CheckedByHR":{"Value":"Yes"},"DeletedByManager":{"Value":"None"},"DeletedByHR":{"Value":"Yes"}},"path":"/datasets/@{encodeURIComponent(encodeURIComponent('https://srkk.sharepoint.com/sites/Apps/eClaim'))}/tables/@{encodeURIComponent(encodeURIComponent('421351bd-73f6-4b5f-8bc9-987d46edec45'))}/items/@{encodeURIComponent(triggerBody()?['ID'])}","authentication":"@parameters('$authentication')"}},"Create_item":{"runAfter":{"Update_item":["Succeeded"]},"metadata":{"flowSystemMetadata":{"swaggerOperationId":"PostItem"}},"type":"ApiConnection","inputs":{"host":{"connection":{"name":"@parameters('$connections')['shared_sharepointonline_1']['connectionId']"},"api":{"runtimeUrl":"https://asia-001.azure-apim.net/apim/sharepointonline"}},"method":"post","body":{"Date":"@body('Update_item')['Date']","Title":"@body('Update_item')?['Title']","ClaimID":"@body('Update_item')?['ClaimID']","MainCategory":"@body('Update_item')?['MainCategory']","Amount":"@body('Update_item')?['Amount']","Remark":"@body('Update_item')?['Remark']","From":"@body('Update_item')?['From']","To":"@body('Update_item')?['To']","KM":"@body('Update_item')?['KM']","PerKM":"@body('Update_item')?['PerKM']","Project":"@body('Update_item')?['Project']","CheckedByManager":{"Value":"Yes"},"CheckedByHR":{"Value":"Yes"},"DeletedBy":"Deleted by HR"},"path":"/datasets/@{encodeURIComponent(encodeURIComponent('https://srkk.sharepoint.com/sites/Apps/eClaim'))}/tables/@{encodeURIComponent(encodeURIComponent('b2e924e7-89d9-4ad4-a2ff-cb3e6a53706f'))}/items","authentication":"@parameters('$authentication')"}},"Send_an_email_(V2)":{"runAfter":{"Create_item":["Succeeded"]},"metadata":{"flowSystemMetadata":{"swaggerOperationId":"SendEmailV2"}},"type":"ApiConnection","inputs":{"host":{"connection":{"name":"@parameters('$connections')['shared_office365_1']['connectionId']"},"api":{"runtimeUrl":"https://asia-001.azure-apim.net/apim/office365"}},"method":"post","body":{"To":"@triggerBody()?['Author']?['Email']","Subject":"Your claim @{body('Create_item')?['ClaimID']}: @{body('Update_item')?['ID']} has been rejected by HR.","Body":"<p>You are not giving any action or response regarding your rejected claim expenses. Below are the details of your deleted claim expense:<br>\n<br>\nDate: @{body('Create_item')['Date']}<br>\nMain Category: @{body('Create_item')?['MainCategory']}<br>\nSub Category: @{body('Create_item')?['Title']}<br>\nAmount: @{body('Create_item')?['Amount']}<br>\n<br>\nPlease consult with HR for further clarification. Thank you.</p>"},"path":"/v2/Mail","authentication":"@parameters('$authentication')"}},"Delete_item":{"runAfter":{"Send_an_email_(V2)":["Succeeded"]},"metadata":{"flowSystemMetadata":{"swaggerOperationId":"DeleteItem"}},"type":"ApiConnection","inputs":{"host":{"connection":{"name":"@parameters('$connections')['shared_sharepointonline_1']['connectionId']"},"api":{"runtimeUrl":"https://asia-001.azure-apim.net/apim/sharepointonline"}},"method":"delete","path":"/datasets/@{encodeURIComponent(encodeURIComponent('https://srkk.sharepoint.com/sites/Apps/eClaim'))}/tables/@{encodeURIComponent(encodeURIComponent('421351bd-73f6-4b5f-8bc9-987d46edec45'))}/items/@{encodeURIComponent(triggerBody()?['ID'])}","authentication":"@parameters('$authentication')"}}},"runAfter":{},"else":{"actions":{"Terminate":{"runAfter":{},"type":"Terminate","inputs":{"runStatus":"Succeeded"}}}},"expression":{"equals":["@triggerBody()?['DeletedByHR']?['Value']","Yes"]},"type":"If"}},"runAfter":{},"expression":{"not":{"equals":["@triggerBody()?['Created']","@triggerBody()?['Modified']"]}},"type":"If"}}},"connectionReferences":{"shared_sharepointonline_1":{"connectionName":"34bd2964be244e48b9ccffa882b94db6","source":"Embedded","id":"/providers/Microsoft.PowerApps/apis/shared_sharepointonline","tier":"NotSpecified"},"shared_office365_1":{"connectionName":"shared-office365-09bb73a8-5ca3-4b21-87da-31d1fb8baa99","source":"Embedded","id":"/providers/Microsoft.PowerApps/apis/shared_office365","tier":"NotSpecified"}},"flowFailureAlertSubscribed":false}}