{"name":"a2292bc5-6d53-4ab9-9f00-16e22c24f06d","id":"/providers/Microsoft.Flow/flows/a2292bc5-6d53-4ab9-9f00-16e22c24f06d","type":"Microsoft.Flow/flows","properties":{"apiId":"/providers/Microsoft.PowerApps/apis/shared_logicflows","displayName":"eClaim Master (Item is Modified)-HR","definition":{"metadata":{"workflowEntityId":null,"creator":{"id":"21b481ca-c674-48bd-b18e-229bba922338","type":"User","tenantId":"ac58a972-b23a-4cf7-a09e-ac384ce8a7ed"},"provisioningMethod":"FromDefinition","failureAlertSubscription":true,"clientLastModifiedTime":"2020-05-21T08:39:45.0848007Z"},"$schema":"https://schema.management.azure.com/providers/Microsoft.Logic/schemas/2016-06-01/workflowdefinition.json#","contentVersion":"1.0.0.0","parameters":{"$connections":{"defaultValue":{},"type":"Object"},"$authentication":{"defaultValue":{},"type":"SecureObject"}},"triggers":{"When_an_item_is_created_or_modified":{"recurrence":{"frequency":"Minute","interval":3},"splitOn":"@triggerBody()?['value']","metadata":{"flowSystemMetadata":{"swaggerOperationId":"GetOnUpdatedItems"}},"type":"ApiConnection","inputs":{"host":{"connection":{"name":"@parameters('$connections')['shared_sharepointonline_1']['connectionId']"},"api":{"runtimeUrl":"https://asia-001.azure-apim.net/apim/sharepointonline"}},"method":"get","path":"/datasets/@{encodeURIComponent(encodeURIComponent('https://srkk.sharepoint.com/sites/Apps/eClaim'))}/tables/@{encodeURIComponent(encodeURIComponent('9a064a80-ab1e-4114-9631-ab48a3b4e680'))}/onupdateditems","authentication":"@parameters('$authentication')"}}},"actions":{"Condition":{"actions":{"Condition_2":{"actions":{"Send_an_email_(V2)":{"runAfter":{},"metadata":{"flowSystemMetadata":{"swaggerOperationId":"SendEmailV2"}},"type":"ApiConnection","inputs":{"host":{"connection":{"name":"@parameters('$connections')['shared_office365_1']['connectionId']"},"api":{"runtimeUrl":"https://asia-001.azure-apim.net/apim/office365"}},"method":"post","body":{"To":"afrina@srkk.com","Subject":"Approval required for @{triggerBody()?['Author']?['DisplayName']}'s @{triggerBody()?['Month']?['Value']} @{triggerBody()?['Year']} [HR]","Body":"<p>Hi, @{triggerBody()?['Author']?['DisplayName']}submitted his/her claim for @{triggerBody()?['Month']?['Value']} @{triggerBody()?['Year']}.<br>\n<br>\nThank you.</p>"},"path":"/v2/Mail","authentication":"@parameters('$authentication')"}}},"runAfter":{},"expression":{"equals":["@triggerBody()?['Status']","Approved"]},"type":"If"}},"runAfter":{},"else":{"actions":{"Terminate":{"runAfter":{},"type":"Terminate","inputs":{"runStatus":"Succeeded"}}}},"expression":{"not":{"equals":["@triggerBody()?['Created']","@triggerBody()?['Modified']"]}},"type":"If"}}},"connectionReferences":{"shared_office365_1":{"connectionName":"shared-office365-09bb73a8-5ca3-4b21-87da-31d1fb8baa99","source":"Embedded","id":"/providers/Microsoft.PowerApps/apis/shared_office365","tier":"NotSpecified"},"shared_sharepointonline_1":{"connectionName":"34bd2964be244e48b9ccffa882b94db6","source":"Embedded","id":"/providers/Microsoft.PowerApps/apis/shared_sharepointonline","tier":"NotSpecified"}},"flowFailureAlertSubscribed":false}}